provinsi,tahun,pulau,rpp_ikan,rpp_kebun,npi,kps,rpp_ikan_norm,rpp_kebun_norm,npi_norm,kps_norm,ipsda,status,n_komponen,has_complete_data
ACEH,2018,Sumatera,0.05493267727047336,0.03114391425410993,1939231.4025250792,0.295066,0.156238,0.085219,0.318429,0.710486,0.317593,KURANG,4,True
SUMATERA UTARA,2018,Sumatera,0.02545799944736115,0.05516285576126002,946402.2295523626,0.205291,0.070403,0.153167,0.151907,0.493747,0.217306,RENDAH,4,True
SUMATERA BARAT,2018,Sumatera,0.03914058169185853,0.03613169370634539,1192053.482759895,0.221461,0.110249,0.099329,0.193109,0.532785,0.233868,RENDAH,4,True
RIAU,2018,Sumatera,0.017866797665833035,0.17179126473740622,539293.5097356199,0.229265,0.048296,0.483103,0.083625,0.551626,0.291662,RENDAH,4,True
JAMBI,2018,Sumatera,0.012931019817980777,0.11124223866632645,359080.325479856,0.278944,0.033922,0.311813,0.053399,0.671564,0.267675,RENDAH,4,True
SUMATERA SELATAN,2018,Sumatera,0.012346183638205327,0.07733122802836204,792454.2982780194,0.14482,0.032219,0.21588,0.126087,0.347755,0.180485,RENDAH,4,True
BENGKULU,2018,Sumatera,0.034537103561531356,0.08014728523042185,1268401.8562044546,0.281767,0.096843,0.223847,0.205915,0.678379,0.301246,KURANG,4,True
LAMPUNG,2018,Sumatera,0.016323095837759767,0.02259420843429581,609524.1010062428,0.287943,0.043801,0.061032,0.095405,0.693289,0.223382,RENDAH,4,True
KEPULAUAN BANGKA BELITUNG,2018,Sumatera,0.1595733538160743,0.08422072480972,6002862.856644089,0.179298,0.460969,0.235371,1.0,0.430994,0.531833,CUKUP,4,True
KEPULAUAN RIAU,2018,Sumatera,0.046413463306970756,0.004017610814787567,2012996.8360308993,0.030728,0.131429,0.00848,0.330802,0.072309,0.135755,RENDAH,4,True
JAKARTA,2018,Jawa,0.009942558496355964,0.0,235070.76687763713,0.000777,0.025219,0.0,0.0326,0.0,0.014455,RENDAH,3,False
JAWA BARAT,2018,Jawa,0.005132035770647028,0.0010201029385978485,231081.33271446402,0.087813,0.01121,0.0,0.031931,0.210126,0.063317,RENDAH,4,True
JAWA TENGAH,2018,Jawa,0.011730081348138015,0.0017029992578255744,381831.3387371393,0.135295,0.030425,0.001932,0.057215,0.32476,0.103583,RENDAH,4,True
DAERAH ISTIMEWA YOGYAKARTA,2018,Jawa,0.0012825079223738312,0.002530576434538931,40706.10585862819,0.09385,0.0,0.004273,0.0,0.224701,0.057244,RENDAH,4,True
JAWA TIMUR,2018,Jawa,0.01184052386145403,0.00494630824935036,307257.7307012062,0.113575,0.030747,0.011107,0.044707,0.272322,0.089721,RENDAH,4,True
BANTEN,2018,Jawa,0.00801920068950107,0.0010444265330226323,204628.7713474,0.055976,0.019618,6.9e-05,0.027494,0.133264,0.045111,RENDAH,4,True
BALI,2018,Bali-Nusa,0.025389631486122714,0.0025497772208298523,636734.9561403509,0.134485,0.070204,0.004327,0.099969,0.322804,0.124326,RENDAH,4,True
NUSA TENGGARA BARAT,2018,Bali-Nusa,0.040231403982117886,0.0024592827461252143,733699.6104535518,0.229168,0.113426,0.004071,0.116232,0.551392,0.19628,RENDAH,4,True
NUSA TENGGARA TIMUR,2018,Bali-Nusa,0.029418316139022068,0.0026607652556759885,759022.5625431412,0.279247,0.081936,0.004641,0.120479,0.672295,0.219838,RENDAH,4,True
KALIMANTAN BARAT,2018,Kalimantan,0.022467753906641793,0.08648271850113337,886111.9120980522,0.200915,0.061695,0.24177,0.141795,0.483182,0.23211,RENDAH,4,True
KALIMANTAN TENGAH,2018,Kalimantan,0.033556610273290974,0.35450796141774477,1538997.946872847,0.200794,0.093987,1.0,0.2513,0.48289,0.457044,KURANG,4,True
KALIMANTAN SELATAN,2018,Kalimantan,0.06009154816729487,0.05043365616799351,2322220.3460071944,0.143099,0.171261,0.139789,0.382666,0.3436,0.259329,RENDAH,4,True
KALIMANTAN TIMUR,2018,Kalimantan,0.02965191113100901,0.13570289327886284,1021876.1766187252,0.079542,0.082616,0.381011,0.164566,0.190158,0.204588,RENDAH,4,True
KALIMANTAN UTARA,2018,Kalimantan,0.04712214411247803,0.056348857644991215,2217041.7603983595,0.158667,0.133492,0.156522,0.365025,0.381185,0.259056,RENDAH,4,True
SULAWESI UTARA,2018,Sulawesi,0.14900986097639832,0.013755860006466215,5440350.9824603945,0.208274,0.430206,0.036029,0.905653,0.500949,0.468209,KURANG,4,True
SULAWESI TENGAH,2018,Sulawesi,0.05614810619940704,0.0295854292281555,1189415.3572737267,0.232002,0.159778,0.08081,0.192667,0.558234,0.247872,RENDAH,4,True
SULAWESI SELATAN,2018,Sulawesi,0.03885060756049885,0.005624078371303483,927622.3951486609,0.213466,0.109404,0.013024,0.148758,0.513484,0.196168,RENDAH,4,True
SULAWESI TENGGARA,2018,Sulawesi,0.0908225339228541,0.013083168165878945,2069423.5592315902,0.237267,0.260755,0.034126,0.340266,0.570945,0.301523,KURANG,4,True
GORONTALO,2018,Sulawesi,0.12440614012520367,0.013506560329302805,3035633.581167996,0.389305,0.358556,0.035324,0.502323,0.938002,0.458551,KURANG,4,True
SULAWESI BARAT,2018,Sulawesi,0.048748600850682784,0.04643310200731289,1462166.8353107977,0.414985,0.138229,0.128471,0.238414,1.0,0.376278,KURANG,4,True
MALUKU,2018,Maluku-Papua,0.34466990568733924,0.009759931408973993,4217810.944841383,0.233516,1.0,0.024725,0.700603,0.561889,0.571804,CUKUP,4,True
MALUKU UTARA,2018,Maluku-Papua,0.23517312110272398,0.02250164095831966,4305492.340827043,0.21918,0.681128,0.06077,0.715309,0.527279,0.496121,KURANG,4,True
PAPUA BARAT,2018,Maluku-Papua,0.21688973868706182,0.01581421287444232,5461844.275547057,0.106148,0.627883,0.041852,0.909258,0.254392,0.458346,KURANG,4,True
PAPUA,2018,Maluku-Papua,0.06754893642809527,0.014313526452942246,1988927.554390643,0.127577,0.192979,0.037606,0.326765,0.306126,0.215869,RENDAH,4,True
ACEH,2019,Sumatera,0.02942215450595339,0.03287530801497282,755990.3709346727,0.309834,0.102337,0.086942,0.110532,0.721094,0.255226,RENDAH,4,True
SUMATERA UTARA,2019,Sumatera,0.08218854597866032,0.05354044564667951,2406410.887058213,0.21336,0.293569,0.14298,0.367083,0.495977,0.324902,KURANG,4,True
SUMATERA BARAT,2019,Sumatera,0.03971657997992518,0.03534994068801898,1112414.0016424856,0.223649,0.139645,0.093652,0.165937,0.519986,0.229805,RENDAH,4,True
RIAU,2019,Sumatera,0.016751327705520035,0.18681694488741935,434928.14457725565,0.267539,0.056416,0.504393,0.060624,0.622401,0.310959,KURANG,4,True
JAMBI,2019,Sumatera,0.012541921372889911,0.11622665582412652,388903.7563793394,0.30994,0.04116,0.31297,0.05347,0.721342,0.282236,RENDAH,4,True
SUMATERA SELATAN,2019,Sumatera,0.010908534576095655,0.07854499129124888,906787.2260273972,0.151694,0.035241,0.210787,0.133973,0.352083,0.183021,RENDAH,4,True
BENGKULU,2019,Sumatera,0.03592098590120702,0.07756871893701187,1361300.8961355106,0.283502,0.125889,0.208139,0.204625,0.65965,0.299576,RENDAH,4,True
LAMPUNG,2019,Sumatera,0.01839197881195611,0.023128606223987894,609213.2045734015,0.297337,0.062362,0.060511,0.087716,0.691933,0.225631,RENDAH,4,True
KEPULAUAN BANGKA BELITUNG,2019,Sumatera,0.15076562607676935,0.0754341534008683,5829655.343532492,0.204499,0.542102,0.202351,0.899213,0.4753,0.529741,CUKUP,4,True
KEPULAUAN RIAU,2019,Sumatera,0.1383168272662384,0.00323429693076374,4496305.591987866,0.03167,0.496986,0.006563,0.691949,0.072013,0.316878,KURANG,4,True
JAKARTA,2019,Jawa,0.009528279433744919,0.0,240101.03473881626,0.000809,0.030238,0.0,0.030339,0.0,0.015144,RENDAH,3,False
JAWA BARAT,2019,Jawa,0.004697245385858124,0.0008141553386967803,117739.56190130387,0.092268,0.01273,0.0,0.011318,0.213415,0.059366,RENDAH,4,True
JAWA TENGAH,2019,Jawa,0.007538094204471457,0.0017303378916142102,145564.01930395776,0.142966,0.023026,0.002484,0.015644,0.331716,0.093218,RENDAH,4,True
DAERAH ISTIMEWA YOGYAKARTA,2019,Jawa,0.0011846662875458823,0.001961303830843199,44926.908700822,0.101773,0.0,0.003111,0.0,0.235594,0.059676,RENDAH,4,True
JAWA TIMUR,2019,Jawa,0.012114414967492602,0.004785217185644412,228449.35561381615,0.118813,0.039611,0.010769,0.028528,0.275356,0.088566,RENDAH,4,True
BANTEN,2019,Jawa,0.014161534649961068,0.0009369371495088208,471424.862399031,0.062308,0.04703,0.000333,0.066297,0.143505,0.064291,RENDAH,4,True
BALI,2019,Bali-Nusa,0.02178060522696011,0.0025332416322787713,501300.7276478679,0.150884,0.074643,0.004662,0.070942,0.350193,0.12511,RENDAH,4,True
NUSA TENGGARA BARAT,2019,Bali-Nusa,0.042842558807546,0.0029185428149988354,534465.4050539554,0.231839,0.150974,0.005707,0.076097,0.539097,0.192969,RENDAH,4,True
NUSA TENGGARA TIMUR,2019,Bali-Nusa,0.02274295593320091,0.002643824027072758,519570.924372839,0.285076,0.07813,0.004962,0.073782,0.663323,0.205049,RENDAH,4,True
KALIMANTAN BARAT,2019,Kalimantan,0.019322987890679193,0.1384049784965416,851142.4819152942,0.209091,0.065736,0.373112,0.125323,0.486016,0.262547,RENDAH,4,True
KALIMANTAN TENGAH,2019,Kalimantan,0.0405309834704506,0.369579779606008,1453979.5078873876,0.217192,0.142597,1.0,0.219032,0.504919,0.466637,KURANG,4,True
KALIMANTAN SELATAN,2019,Kalimantan,0.03330503047695847,0.05532991011076062,1891360.5213101534,0.143999,0.116409,0.147833,0.287021,0.334127,0.221348,RENDAH,4,True
KALIMANTAN TIMUR,2019,Kalimantan,0.03712047959775672,0.14082658783877117,1549772.0952012597,0.087957,0.130236,0.379679,0.233922,0.203356,0.236798,RENDAH,4,True
KALIMANTAN UTARA,2019,Kalimantan,0.05010063254744106,0.05101710753306498,1963529.3530764808,0.16466,0.177278,0.136138,0.298239,0.382338,0.248498,RENDAH,4,True
SULAWESI UTARA,2019,Sulawesi,0.1038354516659316,0.014098271921735295,2547658.6075137323,0.215146,0.372021,0.036023,0.38904,0.500145,0.324307,KURANG,4,True
SULAWESI TENGAH,2019,Sulawesi,0.04404753295420926,0.02925610597942211,1052542.4893987705,0.217593,0.155341,0.077127,0.15663,0.505855,0.223738,RENDAH,4,True
SULAWESI SELATAN,2019,Sulawesi,0.04183604512727479,0.005157605306423267,1035073.3645898293,0.21716,0.147326,0.011778,0.153914,0.504844,0.204465,RENDAH,4,True
SULAWESI TENGGARA,2019,Sulawesi,0.09482824642414686,0.010248901903367497,2206847.0165559184,0.241304,0.339377,0.025585,0.336062,0.561183,0.315552,KURANG,4,True
GORONTALO,2019,Sulawesi,0.12252720163209793,0.014418990139408365,3023311.7604556275,0.387928,0.439762,0.036893,0.462978,0.903323,0.460739,KURANG,4,True
SULAWESI BARAT,2019,Sulawesi,0.049403325485579755,0.042414655679811654,1357006.3184226016,0.429359,0.174751,0.11281,0.203958,1.0,0.37288,KURANG,4,True
MALUKU,2019,Maluku-Papua,0.2771122420130054,0.009266327396098388,6478026.655357648,0.239996,1.0,0.02292,1.0,0.558131,0.645263,CUKUP,4,True
MALUKU UTARA,2019,Maluku-Papua,0.2332176094521324,0.022274823986404468,5173401.742332282,0.210317,0.84092,0.058196,0.797201,0.488876,0.546298,CUKUP,4,True
PAPUA BARAT,2019,Maluku-Papua,0.14947903694479037,0.015877957658779578,5753504.199875467,0.108478,0.537439,0.040849,0.887376,0.25124,0.429226,KURANG,4,True
PAPUA,2019,Maluku-Papua,0.06600609482835888,0.017559977293776702,2250768.9378865287,0.122782,0.234922,0.04541,0.342889,0.284618,0.22696,RENDAH,4,True
ACEH,2020,Sumatera,0.055332145171743355,0.03127700367249946,1504670.0311442355,0.300634,0.228725,0.087707,0.214311,0.685355,0.304025,KURANG,4,True
SUMATERA UTARA,2020,Sumatera,0.03080918625910126,0.05084357058087693,940773.3280944286,0.220356,0.124038,0.144011,0.131274,0.501847,0.225293,RENDAH,4,True
SUMATERA BARAT,2020,Sumatera,0.037037627223193176,0.03393261026010075,1028286.1416675234,0.216856,0.150627,0.095349,0.144161,0.493846,0.220996,RENDAH,4,True
RIAU,2020,Sumatera,0.020061087082534446,0.19841411394004252,417351.8672433525,0.268759,0.078155,0.568652,0.054197,0.612492,0.328374,KURANG,4,True
JAMBI,2020,Sumatera,0.01500738393792122,0.11471618827699165,414268.6797518997,0.315257,0.056581,0.327807,0.053743,0.718781,0.289228,RENDAH,4,True
SUMATERA SELATAN,2020,Sumatera,0.01418397021714777,0.07662832539350255,635363.4647460197,0.147076,0.053066,0.218207,0.086301,0.334336,0.172978,RENDAH,4,True
BENGKULU,2020,Sumatera,0.03313654010036928,0.07307546633841493,1224521.9018085408,0.283068,0.133973,0.207984,0.173058,0.645201,0.290054,RENDAH,4,True
LAMPUNG,2020,Sumatera,0.01507410081107478,0.020096394751369484,468524.61728735827,0.283367,0.056865,0.055534,0.061733,0.645884,0.205004,RENDAH,4,True
KEPULAUAN BANGKA BELITUNG,2020,Sumatera,0.1473548808357819,0.07303297420829252,4498349.20992491,0.196453,0.621567,0.207862,0.655148,0.447207,0.482946,KURANG,4,True
KEPULAUAN RIAU,2020,Sumatera,0.15214400219850685,0.0029485182979892824,4841796.362845235,0.030701,0.642011,0.00619,0.705722,0.068314,0.355559,KURANG,4,True
JAKARTA,2020,Jawa,0.010092841299403832,0.0,301345.86257241527,0.000816,0.035601,0.0,0.037115,0.0,0.018179,RENDAH,3,False
JAWA BARAT,2020,Jawa,0.004976502228613651,0.000797245814893972,113607.82223528757,0.085543,0.013759,0.0,0.009469,0.193678,0.054226,RENDAH,4,True
JAWA TENGAH,2020,Jawa,0.010315710579722002,0.001484800342021994,144921.30329908716,0.138642,0.036552,0.001978,0.01408,0.315057,0.091917,RENDAH,4,True
DAERAH ISTIMEWA YOGYAKARTA,2020,Jawa,0.0017534246575342466,0.0019916212262268917,49303.825774704084,0.097728,0.0,0.003437,0.0,0.221531,0.056242,RENDAH,4,True
JAWA TIMUR,2020,Jawa,0.010146025900106423,0.004343588946418109,193215.3599349508,0.114789,0.035828,0.010205,0.021192,0.260531,0.081939,RENDAH,4,True
BANTEN,2020,Jawa,0.006014527728172209,0.0008858616085074891,196306.1284328394,0.060372,0.01819,0.000255,0.021647,0.136139,0.044058,RENDAH,4,True
BALI,2020,Bali-Nusa,0.021648207881262264,0.002481221663320777,543104.7147722915,0.157696,0.08493,0.004846,0.072715,0.358612,0.130276,RENDAH,4,True
NUSA TENGGARA BARAT,2020,Bali-Nusa,0.040202089975203685,0.0024375664187035067,617652.1291179596,0.227903,0.164136,0.00472,0.083693,0.519099,0.192912,RENDAH,4,True
NUSA TENGGARA TIMUR,2020,Bali-Nusa,0.03224009900990099,0.0025548090523338047,742024.0602899576,0.291655,0.130146,0.005057,0.102007,0.66483,0.22551,RENDAH,4,True
KALIMANTAN BARAT,2020,Kalimantan,0.02657255728206479,0.12724958300412606,786955.8017733298,0.212778,0.105952,0.363872,0.108624,0.484524,0.265743,RENDAH,4,True
KALIMANTAN TENGAH,2020,Kalimantan,0.054912268213688296,0.34831565647578033,1380989.1273089654,0.221721,0.226933,1.0,0.196098,0.504967,0.482,KURANG,4,True
KALIMANTAN SELATAN,2020,Kalimantan,0.048634342677961344,0.05065638601581879,1536029.9400945383,0.135757,0.200133,0.143472,0.218929,0.308462,0.217749,RENDAH,4,True
KALIMANTAN TIMUR,2020,Kalimantan,0.04112237079512593,0.12063755901035617,1290841.18910502,0.084884,0.168064,0.344846,0.182824,0.192171,0.221976,RENDAH,4,True
KALIMANTAN UTARA,2020,Kalimantan,0.03487969721546364,0.05134833738848337,1083494.703974047,0.162153,0.141415,0.145463,0.152291,0.368801,0.201993,RENDAH,4,True
SULAWESI UTARA,2020,Sulawesi,0.12222370271670738,0.012047523872973573,3301468.194536975,0.210877,0.514283,0.032373,0.4789,0.480179,0.376434,KURANG,4,True
SULAWESI TENGAH,2020,Sulawesi,0.04890383752963034,0.028068742392209623,1175322.5123326287,0.188046,0.201283,0.078475,0.165813,0.42799,0.21839,RENDAH,4,True
SULAWESI SELATAN,2020,Sulawesi,0.04091309677283006,0.0047128938859183804,1028311.3575459138,0.225444,0.167171,0.011267,0.144165,0.513478,0.20902,RENDAH,4,True
SULAWESI TENGGARA,2020,Sulawesi,0.09136013748165121,0.010530414235079303,2418134.822240521,0.23606,0.382527,0.028008,0.348824,0.537745,0.324276,KURANG,4,True
GORONTALO,2020,Sulawesi,0.09600342075256556,0.012298419938100668,2192475.31438345,0.389177,0.402349,0.033095,0.315594,0.887755,0.409698,KURANG,4,True
SULAWESI BARAT,2020,Sulawesi,0.04269691325172964,0.03831825439063331,1064425.9433209153,0.43828,0.174786,0.107968,0.149483,1.0,0.358059,KURANG,4,True
MALUKU,2020,Maluku-Papua,0.22901778371710527,0.00849352384868421,6840208.509971217,0.230719,0.970182,0.022146,1.0,0.525536,0.629466,CUKUP,4,True
MALUKU UTARA,2020,Maluku-Papua,0.23600250811448806,0.020350767187961052,5085354.716730599,0.179705,1.0,0.056266,0.741588,0.408923,0.551694,CUKUP,4,True
PAPUA BARAT,2020,Maluku-Papua,0.10096367556808758,0.012906369215458617,4341667.0973627465,0.109799,0.423525,0.034845,0.632075,0.249124,0.334892,KURANG,4,True
PAPUA,2020,Maluku-Papua,0.0523922423281821,0.016215933606304758,1778356.644652842,0.108352,0.216175,0.044368,0.254613,0.245817,0.190243,RENDAH,4,True
ACEH,2021,Sumatera,0.045485980776886765,0.030846556332821476,1333163.8669927393,0.297086,0.148012,0.07334,0.173605,0.670594,0.266388,RENDAH,4,True
SUMATERA UTARA,2021,Sumatera,0.0247801262213333,0.0497123194183548,706657.490776653,0.229708,0.077621,0.119396,0.088695,0.518098,0.200952,RENDAH,4,True
SUMATERA BARAT,2021,Sumatera,0.03757340319812088,0.03652994850483332,955130.4267774867,0.212036,0.121113,0.087215,0.12237,0.478102,0.2022,RENDAH,4,True
RIAU,2021,Sumatera,0.021617428566960167,0.1824670399274331,521998.85800972773,0.255219,0.066869,0.443479,0.063668,0.575837,0.287463,RENDAH,4,True
JAMBI,2021,Sumatera,0.01546107885688518,0.10662800856772447,468856.28487683897,0.301787,0.04594,0.25834,0.056465,0.681234,0.260495,RENDAH,4,True
SUMATERA SELATAN,2021,Sumatera,0.013904740534284431,0.06388029383281763,610323.5627229138,0.130783,0.040649,0.153983,0.075638,0.294203,0.141118,RENDAH,4,True
BENGKULU,2021,Sumatera,0.0381822250957378,0.08289401700900184,1414925.849704083,0.27689,0.123182,0.2004,0.184686,0.624885,0.283288,RENDAH,4,True
LAMPUNG,2021,Sumatera,0.015370345700392992,0.02252353515841826,459091.8536157552,0.27879,0.045632,0.053022,0.055142,0.629185,0.195745,RENDAH,4,True
KEPULAUAN BANGKA BELITUNG,2021,Sumatera,0.1682784914474136,0.07345263447138833,5313636.7850518655,0.19178,0.565454,0.177351,0.713077,0.432256,0.472034,KURANG,4,True
KEPULAUAN RIAU,2021,Sumatera,0.14685362782136976,0.002930349704543253,4218460.343407924,0.030353,0.492619,0.005191,0.564648,0.066901,0.28234,RENDAH,4,True
JAKARTA,2021,Jawa,0.01285975326876284,0.0,403944.3103170771,0.000794,0.037097,0.0,0.047668,0.0,0.021191,RENDAH,3,False
JAWA BARAT,2021,Jawa,0.005800717567561969,0.0008040008948879526,146096.90406055408,0.085735,0.013099,0.0,0.012722,0.192246,0.054517,RENDAH,4,True
JAWA TENGAH,2021,Jawa,0.009313287326103625,0.0016550963961003396,136748.23931975025,0.135646,0.02504,0.002078,0.011455,0.305209,0.085946,RENDAH,4,True
DAERAH ISTIMEWA YOGYAKARTA,2021,Jawa,0.0019475563551121652,0.0021056505029029356,52228.284405920356,0.099718,0.0,0.003178,0.0,0.223894,0.056768,RENDAH,4,True
JAWA TIMUR,2021,Jawa,0.013407687559786257,0.004799499332361179,254135.55534516805,0.111118,0.03896,0.009754,0.027364,0.249695,0.081443,RENDAH,4,True
BANTEN,2021,Jawa,0.005916284461468676,0.0009198125094501286,211364.26658602557,0.058963,0.013492,0.000283,0.021568,0.131653,0.041749,RENDAH,4,True
BALI,2021,Bali-Nusa,0.026213461805716404,0.0025594107564738035,606701.6963913466,0.146775,0.082494,0.004285,0.075148,0.330397,0.123081,RENDAH,4,True
NUSA TENGGARA BARAT,2021,Bali-Nusa,0.04521268397210579,0.0028735362117253433,791834.405744253,0.213888,0.147083,0.005052,0.100239,0.482293,0.183667,RENDAH,4,True
NUSA TENGGARA TIMUR,2021,Bali-Nusa,0.03578826798858344,0.002858832807570978,824113.0242601773,0.295953,0.115044,0.005016,0.104613,0.66803,0.223176,RENDAH,4,True
KALIMANTAN BARAT,2021,Kalimantan,0.036106124408983455,0.142578125,1364345.8198507684,0.211011,0.116125,0.346102,0.177831,0.475782,0.27896,RENDAH,4,True
KALIMANTAN TENGAH,2021,Kalimantan,0.056745318352059926,0.410435393258427,1745227.5737827716,0.20442,0.186289,1.0,0.229452,0.460864,0.469151,KURANG,4,True
KALIMANTAN SELATAN,2021,Kalimantan,0.05364959740769835,0.04318354772191673,1642753.958169678,0.11422,0.175765,0.103458,0.215563,0.256716,0.187876,RENDAH,4,True
KALIMANTAN TIMUR,2021,Kalimantan,0.04693069569835369,0.1292651354221986,1510461.6240042485,0.070535,0.152924,0.313602,0.197634,0.157844,0.205501,RENDAH,4,True
KALIMANTAN UTARA,2021,Kalimantan,0.04871330863493873,0.10184525505842121,1299439.6252493588,0.14101,0.158984,0.246664,0.169034,0.317349,0.223008,RENDAH,4,True
SULAWESI UTARA,2021,Sulawesi,0.12863343376940387,0.013349097982379191,3583614.6065830123,0.208968,0.430678,0.030625,0.478607,0.471158,0.352767,KURANG,4,True
SULAWESI TENGAH,2021,Sulawesi,0.05619050808855545,0.03271427136015005,1273652.3411595272,0.158226,0.184403,0.0779,0.165539,0.356314,0.196039,RENDAH,4,True
SULAWESI SELATAN,2021,Sulawesi,0.04603570838155067,0.005175786631399129,1342013.2255469223,0.221296,0.149881,0.010672,0.174804,0.49906,0.208604,RENDAH,4,True
SULAWESI TENGGARA,2021,Sulawesi,0.09697778963008115,0.011329003009638463,2862874.9175206674,0.232768,0.323062,0.025694,0.380926,0.525024,0.313677,KURANG,4,True
GORONTALO,2021,Sulawesi,0.10930698984381668,0.013463343859349663,3024593.0024750363,0.379958,0.364976,0.030904,0.402843,0.858157,0.41422,KURANG,4,True
SULAWESI BARAT,2021,Sulawesi,0.04704763246899662,0.03885111330326945,1430811.2443630213,0.442629,0.153321,0.092881,0.186839,1.0,0.35826,KURANG,4,True
MALUKU,2021,Maluku-Papua,0.29610200659851804,0.009370436475742334,7430688.533722754,0.23394,1.0,0.020913,1.0,0.527677,0.637147,CUKUP,4,True
MALUKU UTARA,2021,Maluku-Papua,0.281784238833892,0.021484527242965158,6353667.782368072,0.14335,0.951326,0.050486,0.854032,0.322645,0.544622,CUKUP,4,True
PAPUA BARAT,2021,Maluku-Papua,0.09060753020015871,0.012631161273256327,3769095.8134203334,0.104583,0.301406,0.028873,0.503746,0.234904,0.267232,RENDAH,4,True
PAPUA,2021,Maluku-Papua,0.05862722773427516,0.02198979947487046,1845441.0161024234,0.103032,0.192687,0.051719,0.243033,0.231394,0.179708,RENDAH,4,True
ACEH,2022,Sumatera,0.0608480008997357,0.028529119571125982,1773144.7813454797,0.307274,0.213913,0.070373,0.244483,0.687159,0.303982,KURANG,4,True
SUMATERA UTARA,2022,Sumatera,0.02448475334825156,0.0470166327109983,806670.0086837447,0.233847,0.08192,0.117324,0.107045,0.522562,0.207213,RENDAH,4,True
SUMATERA BARAT,2022,Sumatera,0.03869705036356815,0.037433226734318335,1112117.8278813,0.210352,0.133508,0.092986,0.150481,0.469895,0.211718,RENDAH,4,True
RIAU,2022,Sumatera,0.021542339333209624,0.18134548772190265,578907.8595286695,0.262977,0.071239,0.458469,0.074655,0.587861,0.298056,RENDAH,4,True
JAMBI,2022,Sumatera,0.01543302476020522,0.10277018737452599,487308.8506580415,0.318156,0.049063,0.258917,0.06163,0.711553,0.270291,RENDAH,4,True
SUMATERA SELATAN,2022,Sumatera,0.017691902767704652,0.07590424163020845,805267.558313642,0.130966,0.057262,0.190688,0.106845,0.29194,0.161684,RENDAH,4,True
BENGKULU,2022,Sumatera,0.04166945483172604,0.09466640425113167,1479746.9799252115,0.282533,0.144298,0.238337,0.20276,0.631699,0.304273,KURANG,4,True
LAMPUNG,2022,Sumatera,0.03804037309061416,0.04394685261118371,1015395.081782544,0.273023,0.131125,0.109528,0.136727,0.610381,0.24694,RENDAH,4,True
KEPULAUAN BANGKA BELITUNG,2022,Sumatera,0.15088123386329663,0.07746466911265118,5581956.663948906,0.19504,0.540723,0.194651,0.78612,0.435571,0.489266,KURANG,4,True
KEPULAUAN RIAU,2022,Sumatera,0.15412699172209196,0.0024761950332551795,4740806.084501651,0.029847,0.552504,0.004208,0.666503,0.065268,0.322121,KURANG,4,True
JAKARTA,2022,Jawa,0.01868812114583137,0.0,602941.6138948083,0.000731,0.060879,0.0,0.078073,0.0,0.034738,RENDAH,3,False
JAWA BARAT,2022,Jawa,0.005695852175268985,0.0008191625563206316,133510.04698515352,0.084432,0.013718,0.0,0.011317,0.187627,0.053165,RENDAH,4,True
JAWA TENGAH,2022,Jawa,0.00938830950447012,0.001753547163763104,139775.4304815667,0.132292,0.027121,0.002373,0.012208,0.294912,0.084154,RENDAH,4,True
DAERAH ISTIMEWA YOGYAKARTA,2022,Jawa,0.0019165898367590434,0.002074407505830034,53927.03942730083,0.102582,0.0,0.003188,0.0,0.228313,0.057875,RENDAH,4,True
JAWA TIMUR,2022,Jawa,0.014559701474300545,0.004765573261715839,287664.6522698559,0.110405,0.045893,0.010022,0.033239,0.24585,0.083751,RENDAH,4,True
BANTEN,2022,Jawa,0.005645845462862846,0.0009128337353405972,191787.72261498793,0.057267,0.013537,0.000238,0.019605,0.126733,0.040028,RENDAH,4,True
BALI,2022,Bali-Nusa,0.022753372933646453,0.0024865312888520514,474626.6807109638,0.137562,0.075635,0.004234,0.059826,0.306726,0.111605,RENDAH,4,True
NUSA TENGGARA BARAT,2022,Bali-Nusa,0.04617537867537867,0.0030001670626670627,802984.927977428,0.222313,0.160654,0.005539,0.106521,0.496707,0.192355,RENDAH,4,True
NUSA TENGGARA TIMUR,2022,Bali-Nusa,0.025779882841465224,0.002664800533886994,605060.1019575857,0.293144,0.086621,0.004687,0.078375,0.655485,0.206292,RENDAH,4,True
KALIMANTAN BARAT,2022,Kalimantan,0.033027563154145435,0.12342685443951266,946661.4747840065,0.208025,0.112929,0.311378,0.126952,0.464678,0.253984,RENDAH,4,True
KALIMANTAN TENGAH,2022,Kalimantan,0.059112995814969815,0.39457797859338545,1951384.0354060961,0.214314,0.207616,1.0,0.26983,0.478776,0.489055,KURANG,4,True
KALIMANTAN SELATAN,2022,Kalimantan,0.05034177423347039,0.0463728889146904,1921307.12606746,0.113965,0.175777,0.115689,0.265553,0.25383,0.202712,RENDAH,4,True
KALIMANTAN TIMUR,2022,Kalimantan,0.046478243722886815,0.1373866175890627,1575143.724727225,0.080224,0.161753,0.34683,0.216326,0.178195,0.225776,RENDAH,4,True
KALIMANTAN UTARA,2022,Kalimantan,0.042671830985915496,0.10144366197183098,1171283.6535211268,0.142265,0.147936,0.255549,0.158895,0.317268,0.219912,RENDAH,4,True
SULAWESI UTARA,2022,Sulawesi,0.13313544231862096,0.013189050956620572,3732290.281113847,0.204486,0.476308,0.031415,0.523086,0.456745,0.371889,KURANG,4,True
SULAWESI TENGAH,2022,Sulawesi,0.06586235489220564,0.03232172470978441,1703010.9807628524,0.157871,0.232115,0.080005,0.23451,0.352251,0.22472,RENDAH,4,True
SULAWESI SELATAN,2022,Sulawesi,0.047484192248468365,0.004706833098537715,1396911.8761808036,0.216878,0.165405,0.009873,0.190981,0.484524,0.212696,RENDAH,4,True
SULAWESI TENGGARA,2022,Sulawesi,0.10021842926425806,0.010277642016617166,2732065.5513365166,0.230129,0.356823,0.024021,0.380848,0.514228,0.31898,KURANG,4,True
GORONTALO,2022,Sulawesi,0.11242585551330798,0.014448669201520912,3350318.8948035487,0.377423,0.401134,0.034614,0.468767,0.844408,0.437231,KURANG,4,True
SULAWESI BARAT,2022,Sulawesi,0.04499825990116239,0.043450267975220995,1372993.7391243824,0.446833,0.156381,0.108267,0.187579,1.0,0.363057,KURANG,4,True
MALUKU,2022,Maluku-Papua,0.27740839796737093,0.009220379780690024,7085972.438619952,0.238506,1.0,0.021336,1.0,0.533006,0.638585,CUKUP,4,True
MALUKU UTARA,2022,Maluku-Papua,0.27468605724838413,0.02169898430286242,5991992.76469683,0.126536,0.990118,0.053027,0.844429,0.282009,0.542396,CUKUP,4,True
PAPUA BARAT,2022,Maluku-Papua,0.11690795197494346,0.012223768922916304,4797391.460762137,0.098004,0.417404,0.028963,0.67455,0.218051,0.334742,KURANG,4,True
PAPUA,2022,Maluku-Papua,0.05633148182152038,0.018869927469702535,1924449.492517444,0.100654,0.197519,0.045842,0.266,0.223991,0.183338,RENDAH,4,True
ACEH,2023,Sumatera,0.05392220661095911,0.02964278451527028,0.0,0.309693,0.194791,0.073616,0.0,0.671118,0.234881,RENDAH,3,False
SUMATERA UTARA,2023,Sumatera,0.02447896973090478,0.04559237179276045,0.0,0.243899,0.085438,0.114308,0.0,0.528193,0.181985,RENDAH,3,False
SUMATERA BARAT,2023,Sumatera,0.04074626602789911,0.035520070100042274,0.0,0.213606,0.145855,0.08861,0.0,0.462388,0.174213,RENDAH,3,False
RIAU,2023,Sumatera,0.017096006589584795,0.18735203941547943,0.0,0.271129,0.058017,0.47598,0.0,0.587345,0.280336,RENDAH,3,False
JAMBI,2023,Sumatera,0.013030936915116151,0.08911462347242101,0.0,0.339101,0.042919,0.225347,0.0,0.735002,0.250817,RENDAH,3,False
SUMATERA SELATAN,2023,Sumatera,0.010113677101523019,0.07453280214633469,0.0,0.135477,0.032084,0.188144,0.0,0.292667,0.128224,RENDAH,3,False
BENGKULU,2023,Sumatera,0.0397450713800136,0.0880796591240167,0.0,0.298284,0.142136,0.222706,0.0,0.646335,0.252794,RENDAH,3,False
LAMPUNG,2023,Sumatera,0.04060267757861495,0.03973641195569986,0.0,0.262924,0.145322,0.099368,0.0,0.569522,0.203553,RENDAH,3,False
KEPULAUAN BANGKA BELITUNG,2023,Sumatera,0.15320576407506703,0.07753770107238606,0.0,0.202659,0.563533,0.19581,0.0,0.438607,0.299488,RENDAH,3,False
KEPULAUAN RIAU,2023,Sumatera,0.15102144708932358,0.0024876266792363895,0.0,0.029383,0.555421,0.004335,0.0,0.062198,0.155489,RENDAH,3,False
JAKARTA,2023,Jawa,0.019786372180451126,0.0,0.0,0.000751,0.068009,0.0,0.0,0.0,0.017002,RENDAH,2,False
JAWA BARAT,2023,Jawa,0.00538889159304599,0.000788658967931401,0.0,0.084164,0.014536,0.0,0.0,0.181199,0.048934,RENDAH,3,False
JAWA TENGAH,2023,Jawa,0.009899113511419996,0.0016382959839054986,0.0,0.130576,0.031288,0.002168,0.0,0.28202,0.078869,RENDAH,3,False
DAERAH ISTIMEWA YOGYAKARTA,2023,Jawa,0.0014749771049938048,0.001989508700102354,0.0,0.099537,0.0,0.003064,0.0,0.214594,0.054415,RENDAH,3,False
JAWA TIMUR,2023,Jawa,0.013799539170506912,0.004705372301722047,0.0,0.106586,0.045774,0.009993,0.0,0.229907,0.071418,RENDAH,3,False
BANTEN,2023,Jawa,0.005813840716692694,0.0009337757869647407,0.0,0.056509,0.016115,0.00037,0.0,0.121124,0.034402,RENDAH,3,False
BALI,2023,Bali-Nusa,0.03799145006058112,0.002381523900967012,0.0,0.134264,0.135623,0.004064,0.0,0.290032,0.10743,RENDAH,3,False
NUSA TENGGARA BARAT,2023,Bali-Nusa,0.04597972232371209,0.0033138472780416513,0.0,0.214503,0.165292,0.006443,0.0,0.464336,0.159018,RENDAH,3,False
NUSA TENGGARA TIMUR,2023,Bali-Nusa,0.015921047831004415,0.002712156590900799,0.0,0.288388,0.053653,0.004907,0.0,0.624837,0.170849,RENDAH,3,False
KALIMANTAN BARAT,2023,Kalimantan,0.02930572823756239,0.12270956087716453,0.0,0.217332,0.103364,0.311057,0.0,0.470482,0.221226,RENDAH,3,False
KALIMANTAN TENGAH,2023,Kalimantan,0.040470919187490864,0.39274486701739003,0.0,0.223394,0.144832,1.0,0.0,0.48365,0.40712,KURANG,3,False
KALIMANTAN SELATAN,2023,Kalimantan,0.036232554793535085,0.044583293367224594,0.0,0.115462,0.129091,0.111733,0.0,0.249188,0.122503,RENDAH,3,False
KALIMANTAN TIMUR,2023,Kalimantan,0.03955922007882182,0.12702499481435386,0.0,0.086643,0.141446,0.322067,0.0,0.186584,0.162524,RENDAH,3,False
KALIMANTAN UTARA,2023,Kalimantan,0.04429801416469935,0.10766733786974031,0.0,0.147634,0.159046,0.27268,0.0,0.319076,0.1877,RENDAH,3,False
SULAWESI UTARA,2023,Sulawesi,0.09483426037282021,0.013063740228502705,0.0,0.205914,0.34674,0.031317,0.0,0.445678,0.205934,RENDAH,3,False
SULAWESI TENGAH,2023,Sulawesi,0.14184583114840063,0.029781725222863136,0.0,0.158025,0.521342,0.07397,0.0,0.341648,0.23424,RENDAH,3,False
SULAWESI SELATAN,2023,Sulawesi,0.049449681968877224,0.004448251098800229,0.0,0.21838,0.17818,0.009337,0.0,0.472758,0.165069,RENDAH,3,False
SULAWESI TENGGARA,2023,Sulawesi,0.09995082452118613,0.010944317089403239,0.0,0.234826,0.365743,0.02591,0.0,0.508484,0.225034,RENDAH,3,False
GORONTALO,2023,Sulawesi,0.10018274365821095,0.014851051401869158,0.0,0.372881,0.366604,0.035877,0.0,0.808383,0.302716,KURANG,3,False
SULAWESI BARAT,2023,Sulawesi,0.04778120501747892,0.04141904859825896,0.0,0.46109,0.171983,0.103661,0.0,1.0,0.318911,KURANG,3,False
MALUKU,2023,Maluku-Papua,0.2707239723497441,0.00915321091235291,0.0,0.235947,1.0,0.021341,0.0,0.510919,0.383065,KURANG,3,False
MALUKU UTARA,2023,Maluku-Papua,0.26897990140310957,0.022367273416761473,0.0,0.122954,0.993522,0.055054,0.0,0.265463,0.32851,KURANG,3,False
PAPUA BARAT,2023,Maluku-Papua,0.0672415268743581,0.009831821294077371,0.0,0.067267,0.244259,0.023072,0.0,0.144494,0.102956,RENDAH,3,False
PAPUA,2023,Maluku-Papua,0.03403255299455945,0.020309219585976476,0.0,0.140916,0.12092,0.049803,0.0,0.304482,0.118801,RENDAH,3,False
ACEH,2024,Sumatera,0.0759748325772305,0.033851803845322964,0.0,0.327353,0.318075,0.085635,0.0,0.685385,0.272274,RENDAH,3,False
SUMATERA UTARA,2024,Sumatera,0.02444936972768387,0.05159490265259647,0.0,0.253197,0.097298,0.131752,0.0,0.529757,0.189702,RENDAH,3,False
SUMATERA BARAT,2024,Sumatera,0.037700044549535655,0.040262744594085194,0.0,0.22122,0.154075,0.102298,0.0,0.462648,0.179755,RENDAH,3,False
RIAU,2024,Sumatera,0.015674410309002542,0.20637242163463682,0.0,0.281925,0.059699,0.534039,0.0,0.590047,0.295946,RENDAH,3,False
JAMBI,2024,Sumatera,0.012463281690519024,0.09512967000510163,0.0,0.344892,0.04594,0.244905,0.0,0.722194,0.25326,RENDAH,3,False
SUMATERA SELATAN,2024,Sumatera,0.00977300759281681,0.08081928756520657,0.0,0.139263,0.034413,0.20771,0.0,0.290648,0.133193,RENDAH,3,False
BENGKULU,2024,Sumatera,0.04036360193163526,0.09670959189470694,0.0,0.30751,0.165488,0.249011,0.0,0.643742,0.26456,RENDAH,3,False
LAMPUNG,2024,Sumatera,0.020205210412331732,0.020577155080895155,0.0,0.269006,0.079113,0.051133,0.0,0.562935,0.173295,RENDAH,3,False
KEPULAUAN BANGKA BELITUNG,2024,Sumatera,0.15412275546849494,0.08313324844923278,0.0,0.205953,0.652925,0.213724,0.0,0.430608,0.324314,KURANG,3,False
KEPULAUAN RIAU,2024,Sumatera,0.15542023542344158,0.0029293775477488206,0.0,0.029833,0.658484,0.005264,0.0,0.060991,0.181185,RENDAH,3,False
JAKARTA,2024,Jawa,0.018896199309305656,0.0,0.0,0.000771,0.073504,0.0,0.0,0.0,0.018376,RENDAH,2,False
JAWA BARAT,2024,Jawa,0.005324777734520868,0.0009042145030707992,0.0,0.088101,0.015353,0.0,0.0,0.183276,0.049657,RENDAH,3,False
JAWA TENGAH,2024,Jawa,0.01394106454345606,0.0016954819316853291,0.0,0.130665,0.052272,0.002057,0.0,0.272604,0.081733,RENDAH,3,False
DAERAH ISTIMEWA YOGYAKARTA,2024,Jawa,0.0017417209735337146,0.002183040297911956,0.0,0.101293,0.0,0.003324,0.0,0.210962,0.053572,RENDAH,3,False
JAWA TIMUR,2024,Jawa,0.014804744765571752,0.005224435064391539,0.0,0.107363,0.055973,0.011229,0.0,0.223701,0.072726,RENDAH,3,False
BANTEN,2024,Jawa,0.005931673021542224,0.0010180438245089049,0.0,0.059799,0.017953,0.000296,0.0,0.12388,0.035532,RENDAH,3,False
BALI,2024,Bali-Nusa,0.02878487808179009,0.0028347145467259153,0.0,0.131201,0.115875,0.005018,0.0,0.273729,0.098656,RENDAH,3,False
NUSA TENGGARA BARAT,2024,Bali-Nusa,0.021508678710591568,0.0019492933049946864,0.0,0.218913,0.084698,0.002716,0.0,0.457806,0.136305,RENDAH,3,False
NUSA TENGGARA TIMUR,2024,Bali-Nusa,0.00536032531824611,0.002989998231966054,0.0,0.285801,0.015505,0.005421,0.0,0.598182,0.154777,RENDAH,3,False
KALIMANTAN BARAT,2024,Kalimantan,0.030523922394873147,0.1303618137125801,0.0,0.216642,0.123326,0.336478,0.0,0.45304,0.228211,RENDAH,3,False
KALIMANTAN TENGAH,2024,Kalimantan,0.03693419226251913,0.38564768124710824,0.0,0.229261,0.150793,1.0,0.0,0.479523,0.407579,KURANG,3,False
KALIMANTAN SELATAN,2024,Kalimantan,0.03973323349089718,0.04706824308513127,0.0,0.119491,0.162787,0.119987,0.0,0.249153,0.132982,RENDAH,3,False
KALIMANTAN TIMUR,2024,Kalimantan,0.04109542994142218,0.14016482364863195,0.0,0.095789,0.168623,0.361957,0.0,0.199411,0.182498,RENDAH,3,False
KALIMANTAN UTARA,2024,Kalimantan,0.03177885915112193,0.11834086239524197,0.0,0.148743,0.128704,0.305234,0.0,0.310543,0.18612,RENDAH,3,False
SULAWESI UTARA,2024,Sulawesi,0.12443037974683545,0.014785909393737508,0.0,0.207778,0.525698,0.03608,0.0,0.434438,0.249054,RENDAH,3,False
SULAWESI TENGAH,2024,Sulawesi,0.0859257479659171,0.03265240886667948,0.0,0.16358,0.360713,0.082518,0.0,0.341681,0.196228,RENDAH,3,False
SULAWESI SELATAN,2024,Sulawesi,0.04931346027854682,0.005128178033265,0.0,0.230126,0.203836,0.010979,0.0,0.481339,0.174038,RENDAH,3,False
SULAWESI TENGGARA,2024,Sulawesi,0.09682861336865849,0.01199895814686191,0.0,0.237852,0.40743,0.028837,0.0,0.497553,0.233455,RENDAH,3,False
GORONTALO,2024,Sulawesi,0.10536325134386708,0.016881527936145953,0.0,0.368163,0.443999,0.041527,0.0,0.771032,0.31414,KURANG,3,False
SULAWESI BARAT,2024,Sulawesi,0.04758315593400745,0.04516935204896222,0.0,0.477265,0.196422,0.115051,0.0,1.0,0.327868,KURANG,3,False
MALUKU,2024,Maluku-Papua,0.20515162417763158,0.010260516036184211,0.0,0.239576,0.871574,0.024318,0.0,0.501171,0.349266,KURANG,3,False
MALUKU UTARA,2024,Maluku-Papua,0.2351239303629389,0.02441828710534081,0.0,0.095448,1.0,0.061116,0.0,0.198695,0.314953,KURANG,3,False
PAPUA BARAT,2024,Maluku-Papua,0.054184773594294244,0.005052960689998341,0.0,0.064387,0.224709,0.010783,0.0,0.133509,0.09225,RENDAH,3,False
PAPUA,2024,Maluku-Papua,0.03366508167128957,0.004667245630255801,0.0,0.144092,0.136786,0.009781,0.0,0.300782,0.111837,RENDAH,3,False
